tmp.dat.subject.1.,X1,X2,X3,X4,X5,X6,X7,X8,X9,X10,X11,X12,X13,X14,X15,X16,X17,X18,X19,X20,X21,X22,X23,X24,X25,X26,X27,X28,X29,X30,X31,X32,X33,X34,X35,X36,X37,X38
100.csv,2,1,5,4,1,5,5,1,4,5,7,1,5,4,3,5,6,2,2,2,3,3,3,4,2,2,7,2,5,5,2,1,6,7,7,2,4,7
101C.csv,7,5,7,7,3,7,7,4,7,2,6,4,5,5,5,4,6,6,2,1,3,5,1,1,2,3,4,2,4,3,3,2,7,7,7,4,6,7
102.csv,4,2,5,4,3,7,4,5,3,4,6,3,2,4,4,5,2,4,2,1,2,6,4,3,2,2,2,1,2,3,2,2,5,6,7,5,5,7
103.csv,5,7,7,5,5,7,7,5,7,6,7,2,5,6,5,4,4,4,2,1,1,1,3,3,1,1,2,1,5,1,5,4,7,3,7,7,7,7
104.csv,2,1,1,2,1,4,1,5,3,5,6,2,5,6,6,6,1,5,1,1,1,1,1,1,1,3,2,1,1,5,7,5,1,6,6,3,5,7
105.csv,6,2,6,6,1,6,5,4,3,7,7,6,7,7,7,7,7,6,6,6,6,5,1,5,2,6,7,6,6,6,6,3,6,7,7,5,7,7
106.csv,6,5,6,6,6,6,7,6,7,7,5,6,7,5,7,6,6,6,7,7,7,5,5,7,4,6,5,6,5,7,4,2,6,7,7,6,7,7
107.csv,7,5,5,7,6,7,7,5,4,7,6,5,5,4,6,6,5,5,6,6,6,6,6,5,5,5,5,6,5,5,4,3,6,7,7,6,6,6
108.csv,5,6,6,6,6,7,7,3,7,7,7,7,7,6,7,6,7,6,6,4,7,5,1,1,2,4,7,5,5,1,6,4,6,7,7,6,7,7
109.csv,5,2,6,5,2,6,6,5,4,5,6,3,2,6,3,3,2,5,2,1,2,3,1,3,2,3,6,2,2,2,5,5,5,7,7,5,6,7
10M.csv,2,2,5,6,5,4,7,3,4,6,7,4,6,6,5,4,4,5,2,1,5,7,6,5,2,4,6,4,3,4,6,5,7,7,6,6,6,7
11.csv,4,2,4,5,2,5,6,5,4,6,6,3,6,5,5,5,5,6,2,2,2,5,1,3,1,4,5,2,2,2,5,2,5,5,6,5,5,6
110C.csv,3,4,6,5,6,7,7,6,4,5,5,2,5,6,5,5,2,6,1,1,1,1,1,1,1,6,6,2,3,3,7,7,4,7,6,4,6,7
111.csv,4,3,4,4,2,4,6,4,4,5,5,4,3,3,6,6,4,4,4,4,1,1,1,1,1,4,5,4,2,4,6,6,4,5,6,6,6,6
112.csv,7,5,7,6,6,6,6,5,3,7,7,6,7,3,7,6,6,6,7,7,6,6,4,4,7,7,7,7,6,7,6,5,7,6,6,6,6,7
113.csv,4,4,6,4,4,5,6,5,4,6,7,6,6,3,6,6,3,5,4,1,4,5,5,5,2,5,4,5,3,5,5,2,5,4,7,5,6,7
114.csv,3,2,4,5,2,5,5,1,4,5,7,4,5,5,5,5,4,3,3,1,5,6,3,5,2,3,5,2,4,3,5,4,5,5,5,3,4,5
115.csv,5,4,5,6,4,6,5,5,3,7,7,7,7,6,7,7,7,6,7,6,6,5,5,6,2,6,7,7,3,6,7,5,7,7,6,7,7,7
116.csv,7,7,7,6,5,6,5,7,6,7,7,7,7,6,7,7,7,7,7,1,7,7,6,6,4,7,7,7,7,7,6,5,7,7,7,7,7,7
117.csv,7,2,6,6,7,7,4,7,3,7,7,1,7,1,7,7,7,6,1,7,6,5,6,7,3,7,7,7,1,7,7,6,7,1,7,7,7,7
118.csv,6,5,6,6,5,7,7,5,4,7,7,5,7,7,7,7,6,6,6,7,7,5,6,6,5,5,6,6,6,5,6,5,7,7,7,6,7,7
119.csv,5,3,6,5,5,6,3,5,5,6,6,5,6,5,6,6,6,6,6,6,6,5,6,5,3,6,6,6,6,6,6,5,6,6,6,6,6,6
120C.csv,7,4,7,7,7,7,4,6,6,7,7,5,6,6,7,7,7,6,7,7,7,7,5,6,7,7,7,6,4,7,6,4,6,7,7,7,7,7
121.csv,7,7,7,7,7,7,7,6,7,7,7,7,7,7,7,7,7,7,7,7,7,7,6,6,3,7,7,7,7,7,7,7,7,7,7,7,7,7
122.csv,6,4,6,4,4,6,7,3,7,7,5,6,7,7,7,6,6,6,7,7,6,6,5,6,3,5,7,6,7,7,5,5,6,7,6,5,7,7
123.csv,6,5,5,7,5,6,6,7,3,6,6,6,6,5,6,6,6,6,7,7,7,5,7,7,2,5,7,7,7,7,6,2,2,7,6,6,6,6
124.csv,2,1,4,1,2,3,5,2,1,1,7,4,2,3,1,5,2,5,1,1,1,1,1,4,1,1,1,1,1,2,1,1,1,5,2,1,4,5
125.csv,5,6,5,6,2,7,6,4,3,7,7,6,5,6,6,6,6,6,6,2,1,1,1,1,1,6,7,6,6,6,6,5,6,7,7,6,6,7
126.csv,7,4,5,6,6,7,5,3,5,4,6,6,4,7,7,7,5,5,4,2,1,1,1,1,1,6,7,3,5,4,6,3,7,7,7,5,7,6
127.csv,5,4,4,6,2,5,4,2,1,5,6,5,3,5,6,6,3,2,1,1,3,3,1,4,1,1,6,1,1,5,4,2,2,6,6,3,5,7
128C.csv,7,2,7,5,7,7,5,2,7,5,5,4,5,5,6,3,2,7,1,1,2,1,2,2,1,6,6,1,3,2,6,3,5,4,7,6,6,7
129.csv,5,2,4,3,3,4,5,1,3,6,6,2,3,5,4,5,2,5,1,1,1,1,1,4,1,5,1,2,2,2,5,5,6,6,6,4,5,5
12C.csv,4,2,6,5,2,6,5,2,7,6,6,5,3,6,6,6,6,5,4,2,4,3,1,5,2,7,6,5,6,6,6,4,5,6,7,2,4,6
13.csv,5,2,3,7,2,5,5,1,3,4,6,2,4,6,6,5,3,6,3,4,6,3,1,6,3,5,5,2,2,2,2,1,6,6,7,5,5,5
130.csv,5,3,5,5,2,5,5,5,7,7,7,7,7,6,7,7,6,6,6,1,7,5,1,7,4,7,6,5,6,6,7,6,4,6,6,5,6,6
131.csv,4,2,6,6,5,4,5,4,2,7,6,3,5,5,5,5,5,5,7,4,5,6,1,3,1,6,5,5,6,2,5,3,4,7,5,4,5,6
132.csv,3,3,5,3,3,5,6,1,1,6,5,5,5,5,5,5,3,5,3,2,1,1,1,1,1,5,5,2,5,3,5,5,3,5,5,5,5,6
133.csv,7,5,7,7,6,7,6,6,7,7,7,6,6,7,7,7,6,6,7,7,6,7,6,6,4,5,7,6,3,4,5,4,7,7,7,6,6,6
134.csv,4,1,3,7,1,4,7,4,1,6,7,6,7,6,7,7,6,7,1,7,2,3,1,3,1,5,7,5,4,4,5,2,1,6,7,6,7,7
136C.csv,7,7,7,7,6,7,6,2,6,3,7,7,7,3,7,5,2,5,5,2,5,5,1,5,2,6,6,5,5,1,6,2,7,7,7,6,5,7
137.csv,5,2,6,6,2,6,5,6,4,6,7,4,5,6,6,6,6,5,3,3,1,1,1,1,1,4,4,3,4,6,5,4,6,5,6,6,7,6
138C.csv,5,1,5,5,3,4,6,4,3,6,6,5,6,6,6,6,5,5,6,2,1,1,1,3,1,3,6,5,5,5,6,5,5,5,6,6,6,7
139.csv,5,3,6,6,3,6,4,4,2,7,7,7,6,6,7,7,7,5,7,7,7,5,6,7,7,6,7,7,7,6,7,6,6,7,7,6,6,7
14.csv,6,1,6,6,5,6,6,6,6,7,7,6,6,6,6,7,6,6,1,1,1,1,1,1,1,3,1,5,1,2,6,6,7,7,6,6,7,2
140.csv,3,4,5,4,5,5,5,2,3,6,7,2,5,7,6,6,6,5,7,3,6,3,7,6,4,5,6,6,5,4,5,3,4,7,6,4,5,6
141.csv,5,1,6,5,4,5,5,1,4,6,6,3,6,5,4,5,4,5,4,5,6,5,4,6,3,4,6,4,5,3,6,4,4,5,6,6,6,7
142.csv,1,1,5,5,6,5,6,2,4,5,6,5,4,5,6,5,6,5,1,1,1,1,1,3,1,1,1,1,2,1,6,3,5,4,6,3,4,6
143.csv,4,3,4,5,4,5,5,2,7,6,6,5,5,6,5,5,4,5,4,4,4,3,5,5,3,6,4,5,4,5,5,4,5,5,6,4,6,6
144.csv,2,1,4,1,7,4,2,1,1,5,6,5,5,5,4,6,2,5,1,7,1,1,1,1,1,1,6,6,4,5,5,1,4,6,7,4,5,5
145.csv,6,4,4,6,3,6,3,2,4,5,4,6,4,6,6,6,5,4,4,3,4,6,4,5,2,3,2,2,6,3,5,4,5,6,6,4,5,7
146.csv,5,4,4,5,2,6,5,3,4,6,6,4,5,5,6,6,5,4,6,4,1,1,1,1,1,4,6,5,5,3,6,3,6,6,6,3,6,7
147.csv,6,2,5,3,6,7,7,3,6,5,6,5,5,5,6,6,1,5,1,1,1,1,1,1,1,4,5,1,1,2,5,2,7,7,6,4,6,7
148.csv,3,2,3,4,3,5,5,2,3,3,5,2,3,5,4,5,6,4,1,1,1,1,1,1,1,4,3,1,2,6,2,2,4,5,5,3,4,7
149.csv,3,2,4,4,2,4,4,1,3,5,6,5,5,4,7,6,5,5,6,5,6,6,1,6,6,5,5,5,6,6,6,2,2,5,7,5,6,7
15.csv,7,2,5,7,5,7,7,3,4,7,7,3,5,6,7,7,7,6,2,1,1,1,1,1,1,1,7,3,1,1,6,5,5,7,7,5,5,7
150.csv,7,4,6,6,5,6,6,4,3,7,7,6,7,6,7,7,7,5,7,6,6,5,1,4,1,5,5,7,6,6,5,3,7,7,7,6,6,7
151.csv,5,3,7,5,3,6,6,6,4,5,6,2,6,6,6,6,4,6,4,2,1,1,1,4,1,3,2,4,6,1,5,2,6,6,6,5,6,7
152.csv,1,1,4,2,1,4,6,2,4,5,6,2,2,5,5,3,1,6,1,1,1,1,1,1,1,3,3,1,1,1,5,1,2,5,6,3,4,6
153.csv,7,4,5,5,6,7,6,4,6,5,6,3,5,6,6,5,3,5,2,1,7,5,3,7,5,4,7,6,3,7,7,5,2,6,7,5,6,7
154.csv,5,2,6,6,4,6,6,4,5,6,7,3,6,6,6,6,6,6,6,6,7,3,6,6,2,4,7,7,6,6,6,4,2,2,7,5,6,7
155.csv,7,5,7,7,1,7,7,3,4,7,7,7,7,7,7,7,3,7,7,1,6,3,1,6,2,4,7,4,5,1,7,5,7,7,7,7,7,7
156C.csv,4,4,6,5,2,6,6,1,5,4,7,4,5,6,6,5,5,6,7,3,1,1,1,1,1,5,7,5,5,6,5,3,5,1,6,4,6,7
157.csv,2,1,4,2,1,2,2,2,2,7,6,2,1,5,5,5,5,3,6,2,1,1,1,5,3,7,6,3,3,3,5,3,2,5,7,3,3,7
158.csv,6,2,6,5,2,3,2,1,3,5,5,6,5,2,6,6,3,6,6,6,5,5,3,5,3,2,5,4,4,3,5,2,4,5,6,3,3,6
159.csv,5,1,5,3,1,2,6,4,3,6,6,7,6,7,7,6,7,6,6,5,4,5,3,5,3,1,6,5,4,4,5,3,1,7,7,6,7,7
16.csv,7,5,7,7,4,7,6,5,7,7,7,7,6,6,7,7,7,6,7,7,7,6,6,7,6,7,7,7,6,5,7,6,7,7,7,7,7,7
160.csv,1,2,5,3,2,5,6,3,3,5,6,4,4,5,6,5,3,5,2,1,4,3,1,5,2,4,6,4,4,4,4,3,2,5,6,3,4,5
161C.csv,2,2,5,5,2,3,5,5,1,4,6,3,5,6,5,5,6,5,2,1,1,1,1,1,1,5,5,2,2,3,6,5,6,5,6,3,6,7
162C.csv,7,3,7,7,7,7,3,3,7,4,7,7,7,6,7,7,7,7,7,7,6,5,6,6,2,6,6,5,5,7,7,4,7,7,7,6,7,7
163.csv,5,2,6,6,2,7,6,6,4,4,6,6,3,6,6,2,2,5,6,3,5,5,1,5,2,5,2,1,2,6,5,2,5,6,6,2,5,6
164.csv,3,2,3,3,2,5,6,5,3,4,6,5,3,4,6,5,5,4,5,2,5,5,5,5,2,3,5,4,4,2,5,4,1,5,5,4,3,6
165.csv,6,4,6,2,2,6,6,3,4,6,6,3,5,5,6,6,3,6,2,2,3,3,3,4,2,2,4,4,4,3,6,5,6,6,6,5,6,7
166C.csv,3,3,6,5,5,6,6,3,3,6,7,5,5,6,5,5,5,5,6,5,6,5,7,6,2,6,5,5,5,4,3,1,3,7,7,5,7,7
167.csv,5,3,1,6,3,5,4,4,7,2,5,5,1,5,4,6,1,5,1,1,1,1,1,1,1,3,1,1,1,7,5,3,5,5,7,3,5,6
168.csv,5,3,7,5,4,5,5,3,3,6,5,5,6,5,6,6,2,4,2,5,7,7,7,7,4,5,6,6,6,6,7,5,4,4,5,5,5,5
169.csv,3,1,1,2,2,7,6,4,6,2,6,1,2,6,5,4,1,5,1,1,1,1,1,1,1,2,4,1,1,4,5,3,6,5,7,2,4,7
17.csv,5,3,5,6,4,6,6,4,3,6,7,7,7,6,7,7,7,7,7,7,6,5,6,6,2,1,7,7,1,3,4,2,7,7,7,6,7,7
170M.csv,3,1,7,2,3,7,6,1,4,5,6,5,1,6,7,6,4,5,1,1,2,3,3,3,1,5,3,1,1,5,5,2,2,7,7,5,6,7
171.csv,4,2,5,2,2,2,3,3,4,5,6,3,4,5,5,3,2,5,5,3,3,3,4,1,2,5,4,5,3,6,5,3,6,5,5,3,5,6
172.csv,7,4,5,7,2,6,7,2,4,7,7,6,6,5,7,7,7,4,7,3,3,6,1,4,2,6,7,7,2,7,6,5,6,6,7,6,6,7
173.csv,6,2,4,3,2,5,4,1,4,6,6,5,5,5,5,5,2,6,5,5,1,3,1,5,2,5,6,5,6,4,6,5,5,5,6,4,5,6
174.csv,1,1,1,1,1,1,5,1,1,6,6,5,5,5,6,5,6,2,1,1,1,1,1,1,1,1,6,1,6,6,6,2,1,3,7,1,1,1
175C.csv,5,1,6,5,4,6,6,4,3,1,7,2,6,5,7,5,1,5,2,2,6,5,7,6,3,5,6,1,4,1,6,4,5,6,7,6,7,7
176.csv,6,5,7,5,5,7,7,4,4,6,7,5,6,6,6,6,4,6,5,5,6,6,1,6,2,6,5,5,4,3,4,3,7,7,7,4,7,7
177M.csv,6,2,7,5,2,6,6,5,6,6,6,6,6,5,7,6,7,3,6,5,7,6,3,5,2,6,7,7,6,4,6,5,6,7,7,5,6,6
178.csv,2,2,4,5,1,5,5,1,3,4,6,3,3,6,5,5,2,3,5,1,1,1,1,4,1,5,6,1,3,3,6,5,4,6,6,2,5,6
179M.csv,3,2,2,4,2,2,6,3,4,7,5,6,5,6,6,6,2,6,2,2,1,1,3,3,1,6,6,3,2,2,3,2,3,6,6,5,5,6
18.csv,5,2,5,5,2,3,6,5,3,5,6,3,5,6,5,4,4,5,3,1,3,5,1,4,2,4,4,4,4,2,6,5,4,5,7,5,5,7
180.csv,5,2,3,2,2,2,5,2,3,6,7,6,5,5,7,7,5,3,5,1,1,1,1,1,1,2,6,5,6,3,5,3,5,6,6,5,5,6
181.csv,7,1,6,7,7,7,7,6,7,7,7,6,7,7,7,7,5,7,1,1,1,1,1,1,1,7,6,3,1,1,7,6,2,7,7,7,7,7
182.csv,7,6,7,7,5,7,7,6,5,7,7,3,7,4,7,7,7,7,7,7,7,5,1,7,7,7,7,7,7,7,7,6,7,7,7,6,7,7
183.csv,7,5,6,6,5,7,6,6,4,5,5,1,6,4,7,6,4,5,3,5,3,7,1,1,2,4,5,3,5,4,5,3,7,6,7,5,6,5
184.csv,2,1,2,5,2,5,5,3,1,6,5,4,6,5,5,5,3,6,5,6,1,1,1,1,1,2,5,5,6,4,4,2,1,6,6,5,6,6
185.csv,3,2,3,2,3,5,5,5,4,6,6,3,2,6,5,5,5,3,6,3,6,3,6,1,2,4,4,1,4,3,3,3,5,5,5,5,5,5
186C.csv,7,4,7,7,5,7,5,7,7,7,7,5,6,6,7,6,6,7,6,6,3,5,1,4,3,5,7,7,4,6,6,4,7,7,7,7,7,7
187C.csv,6,2,7,4,5,7,4,2,5,4,7,5,6,7,6,6,6,6,5,2,3,6,1,1,2,3,7,5,5,4,7,6,4,5,7,6,7,7
188.csv,4,3,4,5,5,4,5,1,3,3,5,3,3,2,2,3,2,2,2,2,2,5,1,1,1,6,2,2,3,5,6,3,5,6,6,4,6,7
189.csv,6,4,5,5,2,5,5,3,3,5,6,3,5,3,6,6,6,5,5,6,4,5,1,1,3,5,6,5,4,1,5,2,6,3,6,6,5,6
190.csv,4,2,5,3,4,3,7,5,4,6,6,5,4,5,5,5,6,6,4,1,2,3,1,1,3,4,2,5,3,2,3,1,4,4,6,3,6,7
191M.csv,5,2,4,2,5,4,5,3,4,4,5,5,6,6,7,7,6,6,6,2,6,5,6,6,2,5,7,3,6,2,5,2,4,5,6,6,6,5
192.csv,7,1,5,6,4,7,7,3,6,7,7,7,7,7,7,7,6,4,7,6,7,6,1,7,2,7,6,6,7,4,7,6,7,7,6,5,7,7
193.csv,6,2,6,6,4,6,7,3,5,3,7,4,1,7,7,5,5,5,5,1,3,3,1,1,1,3,6,3,4,1,7,6,5,7,7,3,7,7
194.csv,6,2,2,6,2,6,5,4,4,6,6,1,5,5,6,6,6,3,1,1,1,1,1,1,1,2,6,5,6,2,5,1,6,7,7,2,6,7
195C.csv,4,2,4,2,2,5,6,1,4,6,6,3,6,6,4,5,3,6,4,1,2,3,3,3,1,6,5,3,6,6,5,2,5,5,5,5,4,6
196.csv,6,2,5,5,2,5,5,5,3,6,7,5,5,6,7,7,7,6,6,4,6,5,3,6,1,5,6,7,7,6,6,5,4,5,6,5,5,6
19C.csv,4,4,4,3,5,4,5,6,1,4,4,4,4,4,4,4,3,5,5,4,6,3,1,4,1,4,4,4,4,4,4,4,4,4,3,4,5,4
20.csv,6,4,5,6,1,4,7,3,7,2,5,2,5,5,5,4,1,6,1,1,1,1,1,1,1,2,1,1,2,1,5,1,7,7,6,5,7,7
21.csv,2,1,5,2,1,1,4,3,4,6,6,4,6,3,5,6,5,5,1,1,1,1,1,1,1,2,4,2,5,1,3,1,3,6,7,6,7,7
22.csv,5,1,4,3,6,6,3,3,6,7,7,4,2,6,6,6,2,2,2,1,1,1,1,1,1,5,6,1,2,7,5,2,6,6,7,2,6,7
23.csv,1,1,7,5,5,7,7,3,5,7,7,7,5,6,5,6,3,5,1,1,1,1,1,1,1,1,7,1,7,6,7,2,5,7,5,4,7,7
24.csv,7,4,6,5,5,7,7,5,4,7,7,6,6,6,7,6,6,7,6,4,7,5,4,6,4,6,7,6,6,5,6,6,6,6,7,6,6,7
25.csv,3,3,5,5,2,7,7,4,4,5,7,7,4,7,5,3,1,4,3,1,2,6,1,1,2,7,7,5,1,1,7,5,6,7,7,4,7,7
26.csv,4,1,5,5,2,6,6,2,6,6,6,6,6,6,7,7,2,6,6,4,6,6,1,6,3,6,6,5,5,6,6,4,2,7,7,5,6,7
27.csv,6,5,7,7,5,7,5,3,1,6,7,6,6,6,4,4,7,6,6,6,5,6,3,4,2,5,5,6,3,2,5,1,6,6,7,5,7,7
28.csv,5,3,5,5,4,7,5,3,7,7,7,6,6,6,6,7,7,4,6,1,3,3,1,1,1,5,7,7,6,4,5,5,6,6,7,5,6,6
29.csv,2,5,2,4,2,5,5,5,4,6,7,6,4,6,6,5,3,4,6,5,7,3,7,7,2,2,7,5,4,1,4,2,2,6,5,4,5,6
30.csv,5,3,2,5,6,6,2,3,3,7,6,5,6,5,6,6,2,6,1,1,4,1,1,5,1,1,6,6,6,5,1,1,5,6,7,2,6,6
300C.csv,6,1,7,7,1,6,7,1,4,7,7,7,7,7,7,7,7,5,6,5,6,5,1,6,2,7,7,7,7,7,6,2,7,7,7,5,7,7
301.csv,6,4,7,6,5,7,7,7,2,7,7,5,6,5,6,6,6,6,7,7,6,6,4,4,5,5,7,5,6,6,4,4,7,7,7,6,7,7
302.csv,5,5,7,7,6,5,6,4,3,6,5,5,6,6,7,6,5,6,6,7,7,5,5,7,7,6,5,3,5,6,6,2,7,7,7,6,7,7
303.csv,5,2,5,4,4,5,5,2,4,5,6,6,5,7,7,7,6,5,7,5,7,3,7,7,4,5,6,5,6,2,6,4,6,6,7,5,5,7
304.csv,6,4,6,5,6,6,6,5,2,5,7,6,6,5,6,7,6,6,5,6,5,6,4,6,7,3,5,6,2,5,5,3,6,6,6,6,6,6
305.csv,5,4,6,6,5,7,6,5,6,6,6,5,6,6,7,6,5,6,6,7,6,5,1,5,3,5,7,4,6,2,6,3,5,7,7,6,6,7
306.csv,5,3,6,6,2,3,6,5,6,6,6,6,6,6,6,6,6,6,6,3,7,3,1,7,5,2,6,5,3,2,2,2,6,6,6,6,6,6
307.csv,7,5,6,6,5,5,6,4,5,7,6,6,6,6,7,6,6,5,5,4,5,5,4,6,2,5,6,6,6,6,6,5,6,7,7,5,6,6
308.csv,6,2,7,7,5,7,6,6,3,6,6,7,7,7,7,7,4,6,7,7,7,6,3,7,5,5,6,5,4,3,6,4,7,7,7,5,7,7
309.csv,3,3,6,5,2,5,6,5,4,7,6,6,6,7,7,7,7,6,6,6,7,3,6,7,3,7,6,7,6,6,5,3,6,7,6,6,6,7
310C.csv,7,6,7,6,5,6,6,5,2,5,6,6,6,5,7,6,6,6,6,6,7,5,4,6,3,3,7,6,6,5,6,3,7,6,6,6,5,6
311.csv,6,6,7,7,2,7,6,7,4,7,6,7,7,7,7,7,7,7,7,7,7,6,7,7,4,7,7,7,7,7,7,7,6,7,7,7,7,7
312.csv,7,4,6,7,7,6,6,7,5,7,6,7,7,6,7,7,7,6,7,7,7,6,7,7,5,1,6,7,7,7,6,3,7,7,7,6,5,7
313C.csv,6,6,6,6,6,5,6,7,6,7,7,6,6,6,7,7,6,6,7,7,6,6,6,7,3,6,6,7,7,5,7,5,6,7,6,7,6,7
314.csv,5,4,7,7,7,5,5,7,3,7,7,6,7,6,7,7,7,6,6,7,7,6,7,7,3,6,7,7,7,6,6,5,6,6,7,6,6,6
315.csv,5,4,5,6,3,7,7,6,6,7,7,6,6,7,7,7,6,6,7,6,7,5,7,6,3,6,7,6,6,5,6,4,6,7,7,6,7,7
316.csv,7,5,7,6,6,7,5,7,7,5,7,5,6,7,7,6,5,5,7,7,6,6,6,6,6,4,6,5,3,6,5,2,6,7,7,7,6,7
317.csv,6,4,6,7,5,7,6,3,3,6,7,5,7,6,7,5,7,6,6,7,5,6,1,5,7,4,7,5,2,3,5,3,7,7,6,6,6,6
318C.csv,7,6,7,7,6,7,7,6,4,7,6,7,7,7,6,6,6,6,7,7,6,5,4,6,6,5,7,7,6,3,6,5,7,7,6,6,7,7
319.csv,7,4,7,7,5,6,6,4,1,7,7,6,7,5,7,6,6,5,6,7,7,6,6,5,3,5,7,6,3,2,5,5,7,7,7,6,7,6
32.csv,4,2,5,5,2,5,5,3,3,6,6,5,5,5,5,6,5,5,3,6,3,5,3,4,1,5,6,4,6,4,5,3,3,6,6,4,5,6
320.csv,6,5,6,6,5,7,6,5,3,6,6,6,6,6,7,6,6,6,6,7,7,6,7,7,4,3,7,6,6,6,6,4,6,7,6,7,6,6
321.csv,6,5,6,7,6,7,6,7,2,6,7,7,7,6,7,7,6,6,7,7,7,6,6,5,4,6,6,6,5,3,5,2,7,7,7,6,7,6
322C.csv,7,6,7,7,4,6,5,5,7,4,6,4,6,5,6,6,6,5,2,7,6,6,3,3,4,5,7,5,4,6,6,3,6,6,7,6,4,7
323.csv,6,4,5,5,2,6,6,2,4,7,6,6,6,6,6,6,6,3,7,7,7,5,7,6,6,5,7,6,5,6,5,5,4,6,6,5,6,6
324C.csv,6,6,6,6,6,6,6,7,5,4,7,6,6,6,7,5,4,6,7,6,6,6,1,6,3,6,5,4,5,2,6,3,6,6,7,6,6,7
325C.csv,5,1,4,3,2,6,5,1,3,7,7,6,6,6,7,5,5,5,7,7,7,5,7,7,5,3,6,1,5,1,3,1,6,7,5,4,5,6
326M.csv,7,6,7,7,1,7,7,5,7,6,7,6,7,7,7,6,6,7,7,7,7,7,3,7,4,7,7,7,7,5,7,5,6,7,7,7,7,7
327C.csv,7,5,7,7,3,6,6,2,5,7,6,7,7,4,7,7,7,7,6,7,6,6,6,5,7,7,7,7,7,6,6,6,6,6,6,6,7,6
328C.csv,7,4,7,7,4,7,4,7,3,7,7,7,7,7,7,7,7,7,2,7,7,7,7,7,6,7,7,7,7,2,6,3,7,7,7,6,7,7
329.csv,6,5,6,5,4,7,6,4,6,7,7,6,6,5,6,6,5,6,7,6,6,5,7,6,4,5,6,6,2,5,7,5,7,7,6,5,6,6
331.csv,7,4,7,7,7,7,4,5,7,7,7,7,7,7,7,7,7,7,7,7,6,7,1,6,4,1,7,4,4,1,4,4,7,7,7,7,7,7
332.csv,6,2,6,5,2,6,5,6,3,7,6,6,7,5,5,7,6,4,7,7,7,5,6,7,4,4,6,7,7,7,5,2,6,6,7,6,7,7
333.csv,7,6,7,7,6,7,6,7,4,7,7,7,7,7,7,7,6,7,7,7,7,7,6,7,3,6,7,6,6,6,6,6,7,7,7,6,7,7
334.csv,7,4,5,7,5,7,7,2,6,6,7,7,7,6,7,7,7,6,7,7,7,5,4,5,3,4,6,7,6,3,1,1,5,7,7,7,7,7
335.csv,7,2,4,6,7,7,5,5,4,6,5,6,6,6,6,7,6,5,7,7,7,5,7,7,5,6,7,5,6,3,6,4,6,7,6,5,5,7
336.csv,7,4,7,6,4,7,6,1,4,7,6,7,7,4,7,7,7,7,7,7,6,3,1,3,3,5,7,7,7,7,4,4,7,7,7,6,6,7
337.csv,7,5,7,6,6,7,6,5,5,7,7,7,7,7,7,7,6,3,7,7,7,6,7,7,4,7,6,6,7,3,7,5,6,7,7,6,7,7
338.csv,7,3,6,6,4,6,5,7,3,6,5,6,6,6,6,6,6,6,7,7,6,6,5,6,3,3,7,7,6,6,6,5,6,7,6,5,5,7
339C.csv,7,5,5,7,5,7,6,2,4,3,5,3,6,3,5,3,2,5,7,3,6,3,6,6,6,2,3,5,5,1,5,2,7,6,5,5,7,7
33C.csv,4,3,6,5,4,3,3,3,4,6,6,7,6,5,7,6,5,5,6,5,6,6,6,6,2,5,6,6,5,5,6,3,5,6,6,6,6,6
34.csv,2,2,4,4,4,4,5,3,3,6,6,2,2,6,2,5,3,5,4,1,3,3,1,4,2,5,4,1,5,4,6,4,4,6,5,4,4,6
340.csv,5,5,7,6,6,6,6,5,3,7,7,7,7,6,7,7,4,5,7,7,7,6,1,7,3,6,7,7,7,1,6,5,6,7,6,6,6,7
341M.csv,7,5,7,7,6,4,7,6,4,7,6,6,7,6,7,6,3,7,7,7,7,3,7,6,4,5,7,5,5,3,3,3,5,7,7,6,7,7
342.csv,5,1,5,1,4,3,5,7,3,6,6,5,6,6,6,5,6,5,6,5,7,2.5,7,7,2,4,6,5,4,5,4,2,5,6,5,6,5,6
343CM.csv,7,5,5,7,6,4,5,7,6,7,5,6,6,5,6,6,6,6,7,7,6,6,7,7,4,6,5,7,7,5,5,4,6,6,6,6,7,7
344.csv,6,5,7,6,3,7,6,4,6,6,7,7,7,7,7,7,6,6,7,7,7,5,1,7,3,3,7,6,6,6,5,5,6,7,7,6,7,6
345.csv,7,3,6,7,5,7,5,7,6,7,7,7,7,4,7,7,7,6,7,7,7,5,6,6,6,4,7,7,6,5,6,4,7,7,7,7,6,6
346M.csv,5,2,6,3,2,3,2,4,1,6,6,7,4,5,7,7,6,5,6,5,7,3,3,6,3,5,7,7,7,7,6,4,5,5,6,5,5,7
347.csv,6,2,6,5,7,7,5,6,2,6,6,6,7,7,7,6,6,4,6,7,6,6,3,6,2,3,5,1,2,2,4,3,7,7,7,5,6,6
348.csv,7,4,6,6,6,7,2,7,3,6,7,6,6,5,7,7,6,5,7,7,6,6,3,6,5,3,4,6,2,2,2,1,6,7,4,6,5,7
349.csv,6,6,5,6,4,7,6,7,5,6,6,6,6,6,7,7,7,6,6,7,6,5,6,7,4,5,7,7,7,7,7,6,6,7,7,6,6,7
35.csv,5,2,4,4,2,4,5,5,3,4,6,3,5,6,4,5,2,6,2,2,2,3,1,3,2,5,5,2,4,2,4,2,4,2,6,5,5,6
350.csv,5,1,6,5,5,5,5,7,4,6,3,5,6,4,5,2,3,6,7,6,5,6,6,5,2,5,7,6,5,7,6,1,7,7,7,2,7,7
351.csv,5,7,7,7,6,7,6,7,4,7,6,6,7,7,7,6,5,7,6,7,7,7,7,7,6,6,6,6,5,5,6,4,6,3,5,7,5,5
352.csv,6,4,7,5,3,7,6,3,6,6,6,4,4,5,5,5,5,6,6,5,6,5,1,6,2,5,7,5,5,1,5,3,7,6,7,5,6,7
353.csv,7,5,7,7,6,7,7,1,7,7,7,7,7,2,7,7,7,6,7,7,6,3,1,6,3,4,7,6,1,5,6,5,7,7,7,7,7,7
354C.csv,7,7,7,7,6,7,6,7,2,7,7,6,7,6,6,7,7,7,7,7,7,5,6,7,4,6,7,7,7,7,6,3,7,6,7,6,7,7
355M.csv,7,7,7,7,7,7,6,6,4,7,7,5,5,5,7,6,7,5,7,7,5,6,5,6,5,7,7,7,7,6,6,5,7,6,7,5,6,7
356.csv,7,5,7,6,6,7,6,7,5,6,7,6,6,7,7,7,6,6,7,7,5,6,5,5,7,6,7,6,4,5,6,5,7,7,7,6,7,7
357.csv,6,2,6,6,5,5,4,5,3,5,6,6,6,6,6,6,4,6,6,6,6,5,6,6,2,5,7,4,5,2,6,6,6,6,6,6,6,6
358C.csv,7,7,6,7,5,7,6,6,6,6,7,6,7,7,6,6,2,7,7,6,7,7,7,7,2,4,7,5,4,2,5,5,6,7,6,7,7,7
359.csv,4,2,5,3,2,5,6,4,3,5,6,5,4,6,2,5,2,4,4,2,4,5,3,5,2,5,3,2,3,2,5,5,2,5,6,3,5,6
360.csv,4,5,6,6,2,4,6,3,5,5,6,3,5,6,5,5,4,5,2,4,3,6,1,3,3,2,2,5,6,1,5,4,6,6,6,5,6,6
361.csv,7,6,7,7,7,7,7,7,5,7,6,7,7,7,7,7,7,7,1,7,7,3,6,7,2,7,7,7,7,7,7,7,7,1,7,7,7,7
362.csv,5,2,6,5,6,7,7,5,6,5,7,6,4,6,7,6,4,5,7,3,5,3,1,5,2,5,6,4,5,3,5,4,6,7,7,4,5,7
363.csv,6,1,5,2,1,7,2,2,1,7,6,3,5,6,6,6,7,6,7,2,6,5,1,6,2,6,7,7,6,5,2,1,5,6,6,5,7,6
364.csv,5,3,6,4,3,6,4,4,6,7,5,6,6,6,6,7,7,4,7,6,7,5,4,6,3,5,7,6,1,7,6,5,5,6,6,5,6,7
365.csv,3,1,5,2,1,5,5,2,1,6,6,6,5,6,5,6,5,6,6,3,6,3,1,6,2,3,4,2,4,4,2,2,6,6,5,3,6,6
366.csv,5,3,5,4,2,5,5,3,3,5,6,5,6,5,6,6,5,6,5,4,5,3,1,5,3,5,6,4,5,3,4,3,5,6,6,5,7,5
367.csv,7,5,7,7,7,6,6,7,7,7,7,6,7,6,7,7,5,6,7,7,7,7,6,6,3,4,7,6,6,2,6,3,7,7,7,6,7,7
36M.csv,7,3,7,6,5,7,7,5,7,6,7,6,6,7,7,4,2,6,2,1,1,1,1,1,1,6,5,2,5,3,7,6,6,7,7,5,7,7
37.csv,5,2,4,7,2,4,6,4,3,4,7,6,6,5,6,5,6,6,2,2,1,3,1,1,2,3,3,6,3,3,2,1,2,5,7,4,3,7
38M.csv,7,3,6,4,3,7,5,4,3,7,7,6,6,7,7,6,7,6,7,6,3,0.5,1,3,2,7,6,6,6,6,7,4,3,7,6,6,7,7
39.csv,6,2,3,5,5,7,5,3,4,5,7,3,5,4,5,5,6,4,6,4,1,1,1,1,1,3,6,5,6,4,6,3,5,6,7,5,5,5
41.csv,7,5,6,7,6,6,7,6,5,7,6,6,6,5,6,6,5,7,6,7,7,6,1,7,5,7,6,6,6,6,4,1,6,7,7,5,6,6
42M.csv,7,4,7,7,6,7,7,6,6,5,7,6,7,3,7,7,3,7,5,4,6,3,1,1,2,6,7,5,7,7,6,4,7,7,7,7,7,7
43.csv,6,1,5,4,4,5,5,3,4,5,6,7,2,5,7,3,3,2,5,1,1,1,1,3,1,5,5,1,6,3,6,2,6,3,7,2,2,6
44M.csv,6,7,5,7,5,7,7,3,3,7,6,6,5,6,6,7,7,5,7,7,7,6,6,7,2,6,7,7,6,7,7,5,5,5,4,4,7,7
45.csv,5,4,6,6,2,6,6,3,4,6,5,5,4,6,6,6,5,6,6,2,7,6,3,5,3,5,6,6,3,1,6,2,6,6,6,4,4,7
46M.csv,5,4,5,4,1,3,6,5,4,6,7,2,6,6,6,6,5,3,6,5,5,5,6,5,1,7,7,5,6,2,6,5,7,7,6,5,7,7
47.csv,5,2,6,5,1,5,5,5,3,7,3,3,6,5,4,4,3,5,6,6,3,3,1,1,3,4,6,4,3,6,5,2,6,6,6,3,6,6
48C.csv,5,4,6,5,4,7,6,4,7,5,6,4,5,6,6,5,4,6,4,3,1,1,6,1,1,4,6,3,5,2,6,5,6,5,6,5,5,7
49.csv,7,4,7,7,2,7,4,7,6,6,6,5,3,5,6,6,6,5,6,7,7,6,7,7,3,5,6,5,5,3,6,5,7,7,6,6,6,7
50M.csv,5,1,7,6,6,6,6,5,6,6,6,6,6,7,6,6,6,6,2,1,4,3,1,5,2,1,6,1,6,6,2,3,5,7,7,5,7,6
51.csv,3,1,5,6,2,5,6,1,2,5,7,3,5,3,3,5,3,5,5,1,2,7,1,1,1,2,5,3,3,3,3,2,5,5,7,5,5,7
52.csv,5,6,5,3,5,5,5,4,3,7,7,2,6,6,6,6,5,5,2,2,1,1,1,1,1,2,2,2,4,5,5,4,6,6,6,5,5,6
53M.csv,4,3,4,5,3,5,6,3,1,6,6,3,3,4,5,4,3,3,2,1,2,3,1,1,2,6,5,3,4,4,6,4,4,5,6,3,4,5
54.csv,5,5,6,6,5,6,5,3,3,5,4,3,6,5,2,5,3,5,2,2,2,3,1,1,2,3,5,3,3,4,4,2,5,6,6,4,5,5
55.csv,5,6,7,5,5,6,7,6,4,5,6,6,5,4,2,4,5,6,4,3,1,1,4,4,1,3,4,4,5,5,5,3,7,7,6,4,6,6
56C.csv,7,7,5,7,1,7,7,5,5,7,7,5,7,7,7,7,4,4,7,1,6,6,7,6,6,5,7,4,2,4,5,2,7,6,7,7,6,7
58M.csv,1,6,7,7,1,7,7,3,1,4,5,4,5,4,6,5,7,3,6,1,1,1,1,1,1,1,4,2,4,6,4,4,1,6,7,7,5,5
59.csv,6,4,5,7,4,7,6,5,6,2,6,6,4,5,5,5,3,6,4,3,2,5,1,1,2,2,6,5,4,4,5,4,5,6,7,5,6,7
60.csv,1,1,1,1,1,5,7,3,4,7,7,7,1,7,7,7,7,7,7,1,1,1,1,1,1,1,4,7,7,1,7,1,1,7,7,7,7,7
61.csv,4,3,4,4,3,5,5,2,5,3,6,2,2,4,2,3,3,5,2,1,2,5,1,3,2,3,3,3,3,3,4,3,5,6,6,3,5,5
62C.csv,5,3,6,5,6,6,7,1,3,5,6,3,5,6,7,5,3,6,5,2,2,3,3,3,2,6,3,5,4,1,6,5,6,7,7,5,7,6
63.csv,7,5,6,6,2,7,6,3,3,7,7,5,6,6,7,7,7,6,5,5,7,5,1,6,6,5,6,6,6,2,3,2,6,6,7,5,6,7
64.csv,5,4,5,5,2,5,6,4,3,5,6,3,4,5,5,3,3,5,2,1,1,1,1,1,1,3,3,3,3,3,5,3,5,6,6,4,6,7
65M.csv,6,2,6,6,6,7,7,3,6,4,7,7,7,7,6,4,4,6,6,6,6,3,1,6,5,7,7,4,6,5,7,5,5,7,7,5,7,7
66.csv,3,1,2,2,1,1,3,3,2,6,6,1,2,6,2,2,1,5,1,1,1,1,1,1,1,2,5,1,2,1,5,2,5,2,7,5,2,7
67M.csv,7,1,5,4,2,1,6,4,6,5,7,2,6,7,7,5,7,4,3,1,5,3,6,5,2,4,7,5,5,2,4,1,7,4,4,7,7,4
68.csv,2,2,1,5,2,3,5,4,3,6,6,7,5,6,7,7,3,6,3,1,5,3,6,5,2,3,2,5,6,6,6,4,1,4,6,6,2,5
69.csv,5,2,5,5,4,6,6,5,4,5,7,5,5,6,6,5,4,5,2,2,3,3,1,1,2,5,2,4,3,2,5,2,3,7,7,4,6,5
70.csv,5,3,6,5,1,4,4,2,4,6,6,6,5,6,4,6,4,6,5,4,5,5,1,5,2,4,6,2,2,2,6,6,4,6,6,4,6,6
71.csv,3,2,6,2,2,6,4,1,4,5,6,4,2,4,6,5,5,4,6,1,4,7,5,5,2,5,4,2,3,2,3,2,4,6,6,3,2,7
72.csv,7,1,5,4,3,2,5,3,3,6,6,6,5,7,7,7,6,4,7,7,4,5,3,5,2,4,7,4,4,4,4,4,6,6,7,5,4,7
73.csv,7,4,6,4,4,7,4,7,1,7,6,7,7,6,7,7,7,5,7,7,3,3,4,4,4,4,7,7,7,7,5,5,6,7,6,6,6,7
74.csv,2,1,4,5,1,1,6,5,3,5,5,3,5,6,5,5,3,5,2,1,1,1,1,1,1,2,5,2,5,2,5,5,6,5,7,3,5,7
75.csv,7,3,6,6,7,7,7,6,6,6,7,6,7,7,7,7,7,6,7,7,6,6,7,5,6,5,7,3,7,1,7,6,7,7,7,7,6,7
76.csv,7,2,6,5,5,7,5,5,3,7,7,5,7,7,7,7,7,6,7,7,4,3,4,7,3,7,7,7,6,7,7,6,5,7,7,7,7,7
77C.csv,7,6,7,7,7,7,7,7,7,7,7,6,6,6,7,7,6,6,7,7,6,7,6,5,7,7,7,5,6,6,5,5,7,7,7,7,7,7
78M.csv,6,6,6,7,5,7,7,3,4,7,6,4,5,4,5,5,5,5,5,5,5,6,6,5,3,5,6,6,5,5,6,4,5,6,7,4,5,5
79M.csv,6,4,6,6,2,7,6,3,7,7,6,7,6,6,7,7,7,6,7,4,7,6,1,1,2,6,7,6,7,4,7,6,7,4,7,6,7,7
80C.csv,3,1,4,4,1,4,5,4,1,6,3,3,1,4,7,5,5,5,2,1,1,1,1,1,2,2,6,1,3,1,6,1,5,6,7,4,6,7
81.csv,5,4,7,5,5,5,6,3,4,7,7,6,5,4,6,4,7,7,7,4,4,5,1,3,3,4,7,7,6,7,6,4,5,7,5,6,6,7
82CM.csv,7,3,7,7,6,7,6,5,7,7,7,6,7,7,7,7,7,7,7,7,7,7,4,7,6,5,7,7,5,6,6,4,7,7,5,7,7,7
83.csv,3,3,6,5,2,5,6,5,3,6,6,5,5,5,6,6,5,6,2,2,1,1,1,1,1,3,5,3,4,2,3,2,5,6,6,6,6,6
84.csv,5,5,6,5,3,6,6,3,7,6,7,5,5,6,6,6,6,6,7,7,5,6,3,5,2,5,5,5,6,7,6,2,4,5,6,5,6,7
85.csv,5,4,6,5,2,6,5,4,3,6,6,7,6,6,6,6,1,5,6,6,6,7,1,6,2,3,4,1,3,6,6,2,5,6,6,4,5,7
86.csv,2,2,5,4,4,6,5,5,4,5,4,4,4,6,3,5,5,4,6,1,4,3,5,5,1,4,4,4,5,6,6,2,5,6,6,4,6,7
87M.csv,5,5,5,5,5,5,6,6,4,5,6,6,5,6,6,5,5,2,5,2,3,5,1,3,2,5,5,2,3,5,5,2,7,7,7,6,6,6
88.csv,2,1,5,5,3,5,6,3,3,6,6,3,2,6,5,5,5,6,2,1,1,1,1,1,1,5,5,2,3,1,6,3,6,6,6,4,5,7
89.csv,2,2,4,6,1,6,5,3,3,6,5,5,5,5,5,3,3,3,5,2,3,3,1,4,1,6,3,3,3,6,6,3,5,6,6,3,6,7
90.csv,5,3,6,7,7,7,6,7,7,5,6,3,3,3,6,5,3,6,3,1,3,3,1,4,1,5,3,3,3,6,4,4,6,7,7,5,5,7
91.csv,6,3,5,6,5,5,7,5,3,5,4,4,4,6,6,5,4,6,6,2,2,5,3,3,2,3,4,4,4,1,4,3,4,6,6,5,6,5
92.csv,6,3,7,2,2,6,5,5,6,7,6,7,6,6,7,7,7,6,7,7,7,6,7,7,5,7,7,7,7,6,6,6,6,7,6,6,6,6
93.csv,5,2,6,5,6,5,4,5,3,6,6,6,6,6,7,6,7,6,6,5,5,5,5,5,3,5,7,6,5,3,5,5,5,7,6,5,6,6
94.csv,6,2,6,5,2,6,6,3,3,7,7,6,6,6,6,6,2,6,5,2,6,5,1,6,2,4,6,5,5,3,2,2,6,7,7,6,6,6
95.csv,3,2,6,5,3,2,3,3,4,2,6,6,5,6,6,6,3,6,2,2,1,1,1,1,1,6,6,3,6,6,2,2,2,6,6,5,5,5
96.csv,5,1,3,5,5,5,6,5,3,5,6,4,2,5,5,5,1,6,1,1,1,1,1,1,1,2,6,1,1,6,6,5,2,6,7,2,5,6
97.csv,5,2,4,4,2,3,5,4,2,5,6,4,3,5,5,3,6,5,6,7,3,5,1,5,2,2,5,2,2,4,5,3,5,6,5,5,4,5
98.csv,6,2,7,7,6,7,5,3,4,4,7,6,6,6,6,6,7,7,6,3,7,5,4,4,2,6,6,5,7,7,7,3,6,7,7,5,6,7
99.csv,5,4,5,5,6,7,7,4,7,2,4,5,2,5,5,4,1,5,1,1,2,3,1,1,1,6,5,2,2,3,7,6,6,7,7,2,6,7
